voice,L,R,librosa_flatness_mean,librosa_rms_mean,f0_std,loudness_std,librosa_chroma_std,audio_entropy,audio_rmse,librosa_spec_bw_mean,librosa_tonnetz_mean,librosa_flatness_std,librosa_chroma_cens_mean,loudness_mean,audio_zcr,librosa_mfccs_std,librosa_chroma_cens_std,librosa_tonnetz_std,librosa_chroma_mean,librosa_spec_bw_std,f0_mean,temp_letters,librosa_centroid_mean,librosa_rms_std,f0_mean_der,loudness_mean_der,temp_words,librosa_mfccs_mean,librosa_centroid_std
pool_31406799_14-02-2022_13-22-34/assignment_0001df3acf--61f78a186883f87caa0cd1f1/ru.159b630e-7716-403d-abdf-3ab9657d24ab.wav,1031743,1191743,0.047146913,0.039683696,0.15488063,12.777518,0.32143676,10.404433,0.048524126,2047.297629662942,0.00058775568381,0.080363005,0.2568537906049015,-10.759854,0.1519256689297124,76.32902,0.1317553171041939,0.1268177532783957,0.31200644,360.93881436294726,5.432036,74,2372.2320201022662,0.027872508,0.0418373,11.726003,12,-16.785975,1233.2295733944695
pool_31546723_14-02-2022_13-23-16/assignment_0001e15d63--6203a04a4037773593b113e3/ru.d3f1cce4-2c57-42bf-a657-adaf484b1ca5.wav,162290,322290,0.054490633,0.0046557756,0.42042494,21.618742,0.3393121,10.238612,0.0059948694,2455.359701340288,0.011327160913376,0.08511186,0.243438192948838,-36.62555,0.2322908346645367,135.5994,0.1551488947660847,0.1330142237263751,0.29378003,559.5773871229883,5.7372046,79,3052.507090165234,0.0037724543,0.04571374,14.17999,15,-30.933813,1559.1645943204264
pool_31406799_14-02-2022_13-22-34/assignment_0001df3acf--61f6c4397939d94b94a2e3c3/ru.7d070dfd-dc99-4e47-8b3c-80efed5d1705.wav,485510,645510,0.092740655,0.004396287,0.11436957,21.220766,0.33087373,10.112841,0.0058820425,2439.545270188304,-0.0045660349928835,0.10875432,0.2597072721511539,-38.355167,0.226138178913738,126.97774,0.1260375583909009,0.1203573141883038,0.36502817,332.1053650901251,5.3071947,71,3003.86464528394,0.0039009298,0.04224479,19.873507,12,-28.340588,1229.7819420199548
pool_31546723_14-02-2022_13-23-16/assignment_0001e15d63--61fed9071de61d44a69051a9/ru.ecd2d2e1-9092-4bfa-987d-2e111b3ce1a4.wav,1066518,1226518,0.06190139,0.078432605,0.07390812,14.161472,0.3287235,10.301052,0.10277953,1728.124712345306,-0.0013768573534993,0.09295474,0.2226075178026593,-7.3156157,0.1856545152755591,61.53811,0.1837912575479911,0.1445931919184344,0.29932427,382.08492828219545,5.437297,100,2144.8382817636884,0.066295825,0.024556283,14.187146,20,-15.257121,1257.1774058332594
pool_31406799_14-02-2022_13-22-34/assignment_0001df3acf--61fa3c9e6883f87caa22769b/ru.660f153b-120b-437b-80d4-de163537744b.amr,2739367,2899367,0.0027241742,0.08438719,0.2766315,16.166178,0.32489723,10.322189,0.105102725,793.8909222429013,0.0025780910083979,0.011910683,0.2565131003835867,-8.629788,0.0672299321086262,81.863846,0.1324173805243604,0.1145780276503816,0.28552285,330.33075301225347,5.288417,132,776.2900399987549,0.0626696,0.055734757,17.122086,22,-16.755615,412.37538017207976
pool_31546723_14-02-2022_13-23-16/assignment_0001e15d63--62023f5e91f6bd0b290eff2f/ru.a42fe98c-1020-4904-a4ca-13d0fc93e7a0.m4a,1800619,1960619,0.031171963,0.051871803,0.1228415,15.357255,0.32767528,10.463815,0.06437467,1572.2654179865044,-0.0060600241107006,0.054153796,0.2450935143132534,-11.894647,0.1493345022963259,75.49547,0.1525204988678976,0.1208577257474085,0.29832742,445.8086745686741,5.4090242,101,1862.3330584057933,0.038273677,0.06606104,17.198786,16,-17.403217,1083.885420661033
pool_31406799_14-02-2022_13-22-34/assignment_0001df3acf--61f796ec04eb641eb4c81d1c/ru.550e14ed-af45-4488-87bd-a9ef60a2cf3f.m4a,650286,810286,0.015633637,0.091382,0.26060817,20.649673,0.32212293,10.467581,0.11931882,1465.03927533534,0.0017081264444243,0.038062584,0.2634230289827571,-11.705591,0.0978309704472843,79.97155,0.1180747269100498,0.11786028115193,0.30443797,540.5839381986485,5.4309,63,1361.5917403347885,0.07657433,0.058942355,17.36015,13,-17.481407,955.0769169198984
pool_31406799_14-02-2022_13-22-34/assignment_0001df3acf--61f7c19d455b912f21e657e9/ru.145105f3-0e0b-4cb1-a9cf-7ff3d23b00a8.wav,683449,843449,0.039011974,0.021056332,0.20516041,20.117914,0.33892384,10.295202,0.027845798,2079.922189036768,0.0106776814991635,0.060523342,0.2409915837855659,-24.201385,0.1349543854832268,101.47588,0.1589225908354689,0.124043401395133,0.36425808,354.3219649909775,5.143306,74,2140.229389709015,0.018274982,0.060711212,16.272465,14,-19.606712,1115.667969044797
pool_31546723_14-02-2022_13-23-16/assignment_0001e15d63--61ff91026c3c991ae8dda678/ru.42ef12fc-fd6b-41b4-8f17-e8d232afda90.wav,1582930,1742930,0.08206093,0.011341131,0.17765553,21.37961,0.32604963,10.06652,0.014903287,2059.7108604565474,0.013389231545508,0.10267845,0.2430935817433971,-29.109169,0.2218778080071885,106.36632,0.1556882906595728,0.1073763268696059,0.37531117,389.0887021252175,5.2070246,82,2597.025442214282,0.009709281,0.07993599,20.181253,14,-27.853518,1332.6640363559195
pool_31546723_14-02-2022_13-23-16/assignment_0001e15d63--62035effe9122f1801b00264/ru.dc0d8a36-76d2-4476-ade3-ffd74f88b629.wav,534505,694505,0.09464916,0.009947824,0.22384758,17.94474,0.32431024,9.778202,0.013764738,2049.9780343027974,0.0107073465055736,0.11918309,0.269405081136995,-26.5909,0.2459471096246006,105.35333,0.1037026305881507,0.1276198528445723,0.36177632,401.94304939569537,5.268626,73,2839.6771160694584,0.009506227,0.04462972,14.1616955,12,-28.056824,1178.267576063221
pool_31406799_14-02-2022_13-22-34/assignment_0001df3acf--61f79b1d08ddf310c8ac3969/ru.0d76ad0e-5070-46e5-b124-fe3d5be1247c.wav,1483977,1643977,0.057404123,0.021312153,0.20334943,10.542787,0.33078814,10.469036,0.026334979,2032.0389917313607,0.0019998645637534,0.082757294,0.2370436638040631,-15.927685,0.2078518121006389,80.97782,0.1647532542430637,0.1308448057398726,0.3243858,360.08577843207144,5.261055,109,2591.9593241563034,0.015465253,0.060122672,8.635986,21,-21.743586,1300.1795965174044
pool_31546723_14-02-2022_13-23-16/assignment_0001e15d63--61ff91026c3c991ae8dda678/ru.42ef12fc-fd6b-41b4-8f17-e8d232afda90.wav,220839,380839,0.0662998,0.01672335,0.11385341,17.08983,0.3178881,10.142884,0.02183351,2038.6317935622028,0.0075679109464882,0.0862623,0.2517187207516787,-22.232325,0.1886824830271565,92.38606,0.1413188556296425,0.1193268444562754,0.34303337,342.7757118629828,5.160511,80,2377.907429304359,0.014011509,0.049166325,16.15853,16,-26.22981,1107.833903862478
pool_31406799_14-02-2022_13-22-34/assignment_0001df3acf--61f9faeeb0e1de55ae2bc547/ru.c9609b82-7dd5-44e0-91c5-4a1de4f0a60e.wav,406670,566670,0.061930384,0.007965734,0.15557906,14.17211,0.31636736,10.128034,0.01016255,1925.643488148353,-0.0004920505679407,0.0926723,0.2647516665931976,-26.37938,0.2146971096246006,113.00002,0.1150647138329456,0.0925230516581645,0.38823456,447.5920289487663,5.053272,81,2333.073655300362,0.0063017914,0.050194643,14.462088,16,-23.216469,1517.5864858463578
pool_31406799_14-02-2022_13-22-34/assignment_0001df3acf--61fa12e328ec07265dd6150a/ru.d8347878-ac8c-45f0-aad0-9ea00d2e82fe.aac,106084,266084,0.023782935,0.020164743,0.16190024,16.008636,0.3230367,10.250385,0.025833363,1627.8904022169863,-0.0023620746736282,0.036941446,0.2402453837025371,-23.99055,0.106573232827476,99.01205,0.1600483956275538,0.0880648872056194,0.37605235,467.6510561335108,4.8815336,104,1541.3368157896573,0.016119277,0.0688517,12.922026,19,-20.479322,1075.0526445284231
pool_31546723_14-02-2022_13-23-16/assignment_0001e15d63--620222d2aee920469fd5dd4b/ru.b455207b-ee6e-4023-a5ee-3a6a6f9e74a4.wav,1132247,1292247,0.039430723,0.09084906,0.36469555,25.495064,0.341054,10.225573,0.13135538,1825.333529597894,0.0102308901614599,0.07177313,0.2585984807563964,-17.881548,0.1512704672523961,79.4729,0.1282971515031297,0.1098884784741337,0.3734044,436.1465555170704,5.75811,57,2064.3802981532867,0.09500055,0.09990418,13.115338,11,-16.658253,1270.1667457903336
pool_31546723_14-02-2022_13-23-16/assignment_0001e15d63--62038dfd6c5d0173e9deedc7/ru.7553fa64-6899-4893-ab18-9546471f6b7b.wav,535329,695329,0.08006044,0.011380277,0.07342973,18.674328,0.3268956,10.285002,0.014788706,1864.5078273543647,0.0045883532733339,0.09674609,0.2404345456922277,-26.602556,0.2636656349840255,104.98331,0.1597640841087426,0.1187494207530342,0.33286637,425.45285087687233,5.2321906,80,2799.2242747441605,0.009425824,0.019788986,21.899302,12,-26.760557,1495.4718371731497
pool_31406799_14-02-2022_13-22-34/assignment_0001df3acf--61f79f70069f563c530e094c/ru.a731c3c0-995d-4016-831a-1701eb81ac39.amr,439784,599784,0.022107905,0.0048175063,0.34405014,29.132246,0.32494053,9.3931875,0.008413963,1234.0229241240943,0.0052573088336826,0.040148545,0.2660845632329202,-50.543636,0.1062066318889776,142.24823,0.1119479278168175,0.1045287179779773,0.4121382,733.1429047960017,4.973646,71,1164.9313454701082,0.0068901405,0.09939442,19.352312,11,-30.698927,808.4335830091028
pool_31546723_14-02-2022_13-23-16/assignment_0001e15d63--620251374037773593a5b1b8/ru.edb49aa4-8de8-4e44-8f43-9db30dfa8b62.wav,119817,279817,0.06463884,0.018795017,0.0,27.786377,0.3128501,9.11963,0.031360663,1889.60172094786,-0.0008939069177198,0.089871556,0.2764628228660544,-35.675667,0.2208279253194888,107.536224,0.0830761151370593,0.0903630714897484,0.3554446,618.9731045693653,5.3111577,76,2487.511494425295,0.025072617,0.0,18.202524,16,-27.462206,1337.2277530710733
pool_31406799_14-02-2022_13-22-34/assignment_0001df3acf--61fa2ba3c63956136208f6fc/ru.242793e5-430c-4982-8ddc-3c02e7654d2e.wav,1067099,1227099,0.071038246,0.020367963,0.105501816,14.544078,0.3199752,10.121314,0.026173133,1960.163479263393,0.0203443172180079,0.089213036,0.2354464923185968,-16.141794,0.2245578948682108,82.027855,0.1670277898680403,0.1332059227727107,0.29561988,414.35882479432365,5.360486,110,2507.4949880050294,0.016410828,0.046759423,14.80116,18,-23.145065,1492.0590098115813
pool_31546723_14-02-2022_13-23-16/assignment_0001e15d63--6203c633474dd04f93390751/ru.0c671a6c-2865-44fa-a7d2-ce842114b1da.wav,1102946,1262946,0.020615617,0.0058601163,0.22518566,22.499563,0.34964585,10.497135,0.007342343,1878.1747743266649,0.025279529334217,0.048317645,0.2334620758096402,-36.354145,0.1091690794728434,134.14714,0.1697904369862659,0.1536303715213337,0.33698508,540.7811720386707,5.307242,75,1712.92064553231,0.0044387006,0.08122537,14.123007,15,-26.421776,1205.2245999552226
pool_31546723_14-02-2022_13-23-16/assignment_0001e15d63--6202b4b5e9122f1801ad0035/ru.e6ab1649-1518-4516-9ddb-18949f0326e7.wav,1234334,1394334,0.036674827,0.004018942,0.24449949,15.558244,0.32941863,10.5520315,0.0048270933,1631.0153861768292,-0.0016315015216346,0.072822906,0.2307946084422996,-32.266865,0.1101425219648562,125.2807,0.173398910167564,0.1822419743265877,0.3151128,403.55393931952943,5.232233,86,1588.8069798511235,0.0026668112,0.107431814,12.504356,16,-32.94996,903.2090328520048
pool_31406799_14-02-2022_13-22-34/assignment_0001df3acf--61f6c9876883f87caa08f022/ru.5a7b73b0-6808-49ba-b316-366d62a68d87.mp3,1109957,1269957,0.029721355,0.0358142,0.143754,21.545113,0.32030472,10.09687,0.05228938,1660.919533806004,-0.000683337816552,0.03776426,0.2509035934279133,-22.414787,0.1563560802715655,96.168175,0.1427610596006266,0.0939684212405706,0.34686577,539.0325335001367,5.1061187,73,1935.4343636837548,0.03804215,0.024564767,18.862911,16,-18.078947,1240.0107323866162
pool_31546723_14-02-2022_13-23-16/assignment_0001e15d63--62024358f66e60235506365c/ru.e605aa46-c74e-4d1a-b6c9-397ca79207d9.wav,15129,175129,0.03153907,0.032929122,0.0440962,12.500685,0.33577454,10.821959,0.037514333,2034.5477276844845,-0.0090433175501645,0.05980403,0.2314010398432015,-13.2276745,0.1423222843450479,82.045,0.1725887948066686,0.1378639967171369,0.289169,389.3767900126416,5.4077706,115,2227.2157748166105,0.017909663,0.022580048,8.837084,18,-14.46737,1380.7218270486258
pool_31406799_14-02-2022_13-22-34/assignment_0001df3acf--61f7b95d01c201589b7e6701/ru.7e030b40-2468-460c-b975-fefd89caf6c8.wav,886698,1046698,0.07277487,0.03602394,0.192026,22.857677,0.33286902,10.278007,0.048985843,1730.2343552011976,0.014399885249169,0.10268932,0.2374383239278215,-23.696537,0.1619736546525559,93.498604,0.164183968960676,0.1234750985716763,0.3602503,507.568217089572,5.063884,76,1888.9931773659664,0.033137508,0.10206363,18.791983,19,-19.562386,1140.535150185047
pool_31406799_14-02-2022_13-22-34/assignment_0001df3acf--61f6d8e5e6183f5d3b102c77/ru.dd25a87a-8908-4b7a-8767-9ddddd93f028.mp3,67055,227055,0.01908725,0.008194611,0.07867225,21.24407,0.32205003,10.534081,0.01003408,1670.7224970539355,0.0079646390014354,0.036482345,0.2414664823278604,-32.26675,0.115638416034345,122.76644,0.1582000987532637,0.0995329474374542,0.29108903,569.7891922696091,5.116614,120,1713.1975147232415,0.0058377506,0.020734139,16.998917,25,-25.607344,1221.054825671221
pool_31546723_14-02-2022_13-23-16/assignment_0001e15d63--6203adfe8fb5a63569497e59/ru.b895aad5-88a8-4946-b164-96a6038b96e0.wav,1151159,1311159,0.060852215,0.07192171,0.23184082,22.158825,0.334836,10.524145,0.09054782,1535.9971252180842,0.0023139829509029,0.098474875,0.2554059046827407,-14.125368,0.1591562874400958,79.55083,0.1345405410518482,0.131693579994385,0.32491535,471.8226536415199,5.4559693,91,1772.7499985931852,0.054983046,0.062051933,14.961367,17,-17.983042,1074.6460027650278
pool_31546723_14-02-2022_13-23-16/assignment_0001e15d63--62023f658fb5a635693db021/ru.43955bb1-8264-4c2a-a347-25a27f658d55.ogg,1368507,1528507,0.03494755,0.056482103,0.08932546,21.131721,0.32147223,10.630191,0.066345304,1809.500654861499,-0.0003235616872755,0.06548472,0.2357884770144012,-14.669383,0.1581922049720447,78.043175,0.1665446710061973,0.1362116333506585,0.29152626,555.8200115398349,5.1771464,114,2061.344747008251,0.03507581,0.036607154,10.803304,19,-16.822426,1232.9650861709313
pool_31546723_14-02-2022_13-23-16/assignment_0001e15d63--62029241328b750b6daa6028/ru.e669ac46-388e-44b5-9eac-084e985e10c4.wav,608940,768940,0.06682399,0.033002865,0.19433074,18.224321,0.3249301,10.319479,0.04178733,2320.263210596616,-0.0025288637236225,0.09320657,0.2546550302015558,-17.128347,0.1949661791134185,80.97518,0.1359564228949041,0.1071792181143426,0.38137737,393.0889008283571,5.0387297,76,2477.337472936445,0.025676627,0.08587717,15.439215,14,-20.135298,1332.4450839132658
pool_31546723_14-02-2022_13-23-16/assignment_0001e15d63--6202b4b5e9122f1801ad0035/ru.e6ab1649-1518-4516-9ddb-18949f0326e7.wav,1220342,1380342,0.03997101,0.003761282,0.21798895,20.839483,0.33233964,10.460274,0.0047369637,1685.5265820475356,-8.006500514579736e-05,0.07358782,0.2377793938857832,-38.3628,0.1031396640375399,132.31041,0.1636896245234953,0.173097190468836,0.34192657,456.9529431278236,5.0706964,76,1608.3281790476865,0.0028733213,0.063035674,14.229871,15,-33.870247,779.9525377744521
pool_31546723_14-02-2022_13-23-16/assignment_0001e15d63--6203803b100bd235a0d285a1/ru.dd2110d1-72da-4662-8a23-b6862737b20e.wav,716929,876929,0.03526235,0.015921608,0.21975604,22.526169,0.3374478,9.904205,0.023145298,1633.649906815176,0.0066062337328352,0.0580726,0.2550578007390091,-29.624807,0.1295271315894568,102.5403,0.1351993033100144,0.1245877432214537,0.3493714,441.5379440418048,5.584071,77,1760.444407833185,0.016792797,0.04543411,17.919985,17,-22.056273,918.8500014126454
pool_31406799_14-02-2022_13-22-34/assignment_0001df3acf--61f6c9876883f87caa08f022/ru.5a7b73b0-6808-49ba-b316-366d62a68d87.mp3,686776,846776,0.021261748,0.045637485,0.11131272,15.815955,0.3134161,10.471966,0.057624284,1533.5627326483664,-0.0114913327483954,0.032304082,0.2395119317873968,-13.051885,0.1528273512380191,83.86769,0.1611439352405256,0.1170327709171604,0.29348361,477.89912926482856,5.1842794,82,1789.6548491402807,0.035899352,0.03374156,8.510432,20,-15.906847,1229.2838391323987
pool_31546723_14-02-2022_13-23-16/assignment_0001e15d63--62028d32edfb5a3d450a1ade/ru.2a77666b-b23a-45c8-af3b-5e15bd46a9e5.wav,1518634,1678634,0.03396774,0.0068986895,0.2718764,14.203085,0.34189922,10.334041,0.008934716,1868.120109712491,0.0055746228755493,0.061260175,0.2524441376874847,-29.155895,0.0947016024361022,113.45296,0.1400188940127567,0.0891896623391872,0.39008972,432.5357265771777,5.057708,105,1865.8082346587703,0.0056667654,0.0673101,9.280406,21,-17.968103,1133.0084859335466
pool_31406799_14-02-2022_13-22-34/assignment_0001df3acf--61f7b5f9fcdbd802ca5d5daf/ru.3425f070-5bd8-4dba-9b5c-55fab3607874.wav,715777,875777,0.0696709,0.036852144,0.2013119,15.434632,0.3307618,10.461973,0.046811044,2364.4286118548825,0.0017746326648226,0.10189969,0.2551781938823521,-14.514467,0.28162596096246,80.69686,0.1349719330093262,0.1106440834795601,0.31297612,446.1499343106356,5.737376,77,3326.6571993331017,0.0288993,0.03461197,15.0215,19,-21.80304,1605.3085197830162
pool_31546723_14-02-2022_13-23-16/assignment_0001e15d63--62028d32edfb5a3d450a1ade/ru.2a77666b-b23a-45c8-af3b-5e15bd46a9e5.wav,1719671,1879671,0.019861432,0.007316231,0.024180425,15.9211235,0.34791097,10.49931,0.008812443,1678.0206141443518,0.0042310165833226,0.04218848,0.2456257371912356,-32.244637,0.1036061052316293,117.61143,0.1516618955525591,0.1137564073488402,0.3890937,531.3676213961245,5.1185455,91,1717.4449861962755,0.004919475,0.0064246715,13.766718,16,-19.138565,1423.20262494259
pool_31546723_14-02-2022_13-23-16/assignment_0001e15d63--6203a552f66e602355113793/ru.b4968a07-1bb5-412e-90f2-43958e798a17.wav,423889,583889,0.035082843,0.028453127,0.12799966,18.43765,0.32698563,10.570199,0.034929723,1499.0173066817997,0.0013131552460536,0.06477343,0.2319054489786133,-19.32799,0.1084717576876996,95.18608,0.1719104303623288,0.1510789139399974,0.31379923,444.4255436500556,5.210171,87,1443.3570969197788,0.020268643,0.04873931,11.822295,17,-20.33152,899.5061494070737
pool_31546723_14-02-2022_13-23-16/assignment_0001e15d63--62027298d07a844aec85d2ac/ru.6e5cb417-69fc-4a22-ab19-8d1ff49f7fcc.wav,1547542,1707542,0.034672875,0.04584693,0.65053886,23.746744,0.31396335,9.659921,0.06986984,1513.018693109668,-0.0036890672162879,0.059518,0.2693630788609534,-17.542418,0.18445799221246,84.74732,0.1038116808450818,0.1266235797775562,0.3242337,655.2706545647055,6.019286,76,2016.93912432055,0.05265214,0.045793336,26.20071,14,-24.222374,1328.148531386893
pool_31546723_14-02-2022_13-23-16/assignment_0001e15d63--620385d2357d3a3c8f1cf4cd/ru.529ba5a4-0fdd-4d7c-8996-19b856ae4f00.wav,99158,259158,0.025478983,0.0053819553,0.17262381,15.517864,0.31818414,10.295736,0.0068269987,1560.8747803268138,0.0064739606910444,0.038678586,0.2593950289244028,-30.70915,0.1821491863019169,124.34605,0.1266789339339478,0.0966731557853772,0.3449897,371.6181036451356,5.187092,80,2091.634631927721,0.004200338,0.05044613,15.617419,17,-29.454903,1242.3813845519844
pool_31406799_14-02-2022_13-22-34/assignment_0001df3acf--61f787cd4a65060b1909c553/ru.e80fb75c-3b43-470f-bed0-d84f1f9d01db.wav,172864,332864,0.027462116,0.040584605,0.13904785,10.328791,0.32842526,10.584097,0.048221443,1985.1621808554264,0.0074151835658288,0.05015288,0.2430351578716874,-12.586768,0.1771041333865814,82.855576,0.155779476734316,0.1248081513156163,0.2673298,518.3661575087721,5.2383785,129,2281.501359986747,0.025990963,0.05425969,9.313603,22,-22.596842,1645.549430322711
pool_31406799_14-02-2022_13-22-34/assignment_0001df3acf--61f776f9e6f0a56bac17ea01/ru.b57fa39e-6bd4-48fd-9d07-b8ed2e572564.wav,118224,278224,0.03884323,0.0042713396,0.1451658,13.297113,0.32961833,10.518762,0.0050835586,1761.852251111613,-0.0040031227737509,0.059762087,0.2488422898100249,-31.660967,0.1422006040335463,118.47458,0.146324461849128,0.1330294776900361,0.32470208,341.65799198729934,5.286597,89,1899.04365920338,0.002749999,0.028164119,12.718504,16,-24.760555,1008.178004046379
pool_31406799_14-02-2022_13-22-34/assignment_0001df3acf--61f776f9e6f0a56bac17ea01/ru.b57fa39e-6bd4-48fd-9d07-b8ed2e572564.wav,623754,783754,0.037073705,0.008164638,0.19738428,14.473361,0.33457178,10.406612,0.009880781,1747.1504293577827,-0.002278255209768,0.05531022,0.2517034574588235,-26.744709,0.1533905126797124,108.27045,0.1413460393382409,0.1313439322352878,0.32323608,350.97285877231343,5.345014,102,1976.3786424569787,0.005571571,0.04339761,14.179789,20,-22.45302,1128.4260993556966
pool_31406799_14-02-2022_13-22-34/assignment_0001df3acf--61f7ea74f46a491b6a600b5b/ru.c88edb93-42bb-4486-922d-e1b12662919f.wav,992359,1152359,0.027745226,0.023102777,0.12786005,20.823025,0.35625306,10.409781,0.03180128,1792.328301997763,-0.0250907618072227,0.051001985,0.2215175095361331,-26.182268,0.1124372878394568,107.05377,0.1851035556175043,0.1590766296225589,0.39403296,440.2228918334169,5.22177,74,1710.574681377209,0.021816896,0.049341984,14.318369,10,-17.794956,1147.362028178067
pool_31546723_14-02-2022_13-23-16/assignment_0001e15d63--61ffa78b89d7190cb1d79ec5/ru.a928674d-5eb7-41c7-8fcc-526fee4610d7.wav,1858181,2018181,0.06751778,0.02862299,0.22531559,14.169269,0.3206286,10.359272,0.035953235,2178.775255530342,0.004177157962167,0.086323254,0.2643658874226745,-15.467668,0.2397242536940894,78.670334,0.1159483113311925,0.1074871286371726,0.3034401,412.2415853224493,5.481105,97,2735.4197977871586,0.021780858,0.036805067,14.192368,16,-17.776464,1371.4016057850706
pool_31406799_14-02-2022_13-22-34/assignment_0001df3acf--61f6e4d3e30a0472b02ee738/ru.3a1733a8-7f9e-4722-b0b2-23b8d3534a17.wav,758328,918328,0.044767324,0.01521756,0.3279028,20.507872,0.34701827,10.269731,0.02102025,1945.804610590928,-0.0042961351267534,0.07082817,0.2590624507280078,-27.407148,0.1628441368809904,106.62755,0.1273576851082488,0.1093039201552706,0.38461503,473.277387005654,5.59878,74,2104.867465062682,0.014477096,0.035816718,13.81046,13,-20.284319,1404.9757583782523
pool_31546723_14-02-2022_13-23-16/assignment_0001e15d63--6203adfe8fb5a63569497e59/ru.b895aad5-88a8-4946-b164-96a6038b96e0.wav,1495698,1655698,0.07112554,0.080715045,0.20090805,24.950022,0.3404683,10.485976,0.10400828,1639.623736409267,0.0009868295345076,0.10794534,0.2512639160542095,-16.022488,0.1764707717651757,81.62368,0.1421259224154287,0.1268537796380198,0.34020185,525.3055301776901,5.4862127,88,1897.4613612069832,0.06546555,0.08156285,14.584439,16,-18.095028,1220.8741464815691
pool_31406799_14-02-2022_13-22-34/assignment_0001df3acf--61f7c572e6f0a56bac1adef1/ru.31b227ce-bacd-448d-b77d-3c14fa1f62b7.wav,152014,312014,0.062097322,0.07703666,0.26009423,12.854731,0.3237796,10.6221895,0.09308748,2513.9334545307784,0.0005186235534942,0.081390195,0.2601113789144822,-3.943571,0.2667638029153354,62.071423,0.1252014532365339,0.1030208236851321,0.319372,391.3792392743625,5.6270413,101,3187.681770188446,0.052123122,0.07686283,12.752154,19,-17.867521,1380.7769149098583
pool_31546723_14-02-2022_13-23-16/assignment_0001e15d63--62032b3e9acbc4427df7eaa3/ru.6dbcdc0d-d428-4fc7-a6d5-ea5bdee6b297.m4a,1277602,1437602,0.04390771,0.021026919,0.112204306,22.314838,0.3239798,10.22692,0.028180243,1520.2193519994694,0.0041888243156366,0.07539322,0.2603356800756737,-24.404095,0.1216381913937699,98.61748,0.124734385847968,0.090688204387343,0.38192478,555.9628401370969,4.92816,87,1577.8517386914916,0.018737705,0.061251763,15.815341,17,-21.130184,1095.8399482181514
pool_31406799_14-02-2022_13-22-34/assignment_0001df3acf--61fa7b8b9c64024630780734/ru.e911a8ae-74cf-4c7c-a283-7da9eed22656.aac,113468,273468,0.0109835155,0.058130004,0.14205176,13.856101,0.32711223,10.536178,0.068835825,999.0300261877684,0.0114851611692539,0.030745724,0.2396213715933167,-10.969278,0.0952725638977635,86.44019,0.1609811529622984,0.128175012831761,0.28682542,483.0556755517972,5.2783866,145,1013.7685671620906,0.03677321,0.05101215,14.131271,27,-19.500969,746.1070130623842
pool_31406799_14-02-2022_13-22-34/assignment_0001df3acf--61f7869a5705111a054508ef/ru.2d898dc7-8114-482e-b666-ce799985d7a1.wav,789183,949183,0.044796962,0.050790127,0.15190087,17.393682,0.330581,10.230892,0.06949743,2021.2839102119888,0.0144603502879316,0.07266003,0.268261349313357,-13.684478,0.1729217626797124,81.30613,0.1066263653976368,0.1001211533078683,0.31053588,486.55355151882594,5.3749933,89,2266.4373705401445,0.04736915,0.02340324,16.083332,15,-21.636631,1397.5300377953392
pool_31546723_14-02-2022_13-23-16/assignment_0001e15d63--6202421ed1ec7368c527d38c/ru.e6cf05c4-6947-44d8-8566-36109772a0d0.wav,300227,460227,0.04879822,0.03554438,0.07663587,15.95598,0.3456518,10.643658,0.043278772,2155.6711727546194,-0.0002404502149852,0.0838026,0.2325666958263587,-17.457838,0.1651451427715655,82.11898,0.1710148102526306,0.1557797319039882,0.3349512,385.4278388820805,5.362357,74,2368.0447859672126,0.024679141,0.04217329,15.303055,14,-14.107522,1277.4551551517286
pool_31546723_14-02-2022_13-23-16/assignment_0001e15d63--62029241328b750b6daa6028/ru.e669ac46-388e-44b5-9eac-084e985e10c4.wav,122476,282476,0.064092316,0.042127702,0.16362983,17.134163,0.32618156,10.454749,0.05309114,2326.5791488072405,0.0042598441623771,0.081194505,0.2637171734701714,-13.73486,0.2488362370207667,77.40175,0.1174162925246613,0.1122294192035992,0.35238525,457.3316345723845,5.143377,80,3031.2207851933704,0.032240126,0.04031564,14.17616,18,-20.147757,1621.8696481053364
pool_31546723_14-02-2022_13-23-16/assignment_0001e15d63--620385d2357d3a3c8f1cf4cd/ru.529ba5a4-0fdd-4d7c-8996-19b856ae4f00.wav,1397682,1557682,0.014340171,0.012431255,0.36684373,9.67789,0.32285684,10.38651,0.014729508,1355.5124385743304,-0.0033450466312636,0.0260718,0.2339510007957592,-21.313015,0.1450366912939297,110.520226,0.1691161215259975,0.1440071663575977,0.27901766,516.3687870058611,5.2521853,108,1553.031139172672,0.007941008,0.10516866,10.147924,17,-26.964651,1166.3596685928512
pool_31546723_14-02-2022_13-23-16/assignment_0001e15d63--62035fdfaee920469fdfb2ce/ru.66e60404-2d9a-4af9-9111-5d06fe1e05b8.wav,99889,259889,0.05585247,0.007436264,0.15723145,15.550606,0.31985673,10.250593,0.009251523,1891.278168097205,-0.0002187412452453,0.08027491,0.2633704611951877,-26.482141,0.2276903828873802,106.45376,0.1181919350174429,0.1250044044576853,0.33225128,413.1635963959946,5.2742743,81,2717.8548137725325,0.0054914705,0.018811092,16.027252,19,-28.03712,1345.7607000139826
pool_31546723_14-02-2022_13-23-16/assignment_0001e15d63--620223a44037773593a33a05/ru.2ba7915f-9985-41aa-90bd-8a9f73c54461.wav,452887,612887,0.05571028,0.057973344,0.4646744,12.352812,0.32733306,10.642962,0.06746321,2096.4210022771235,-0.000685958024465,0.08379231,0.2425296584176401,-5.992772,0.2142618685103834,67.020775,0.1565653158306658,0.144326588941284,0.2946566,416.5789812018827,5.4494333,87,2748.471507444473,0.034464262,0.096869044,10.929434,17,-17.013247,1410.1876653769823
pool_31406799_14-02-2022_13-22-34/assignment_0001df3acf--61f79f70069f563c530e094c/ru.a731c3c0-995d-4016-831a-1701eb81ac39.amr,531135,691135,0.005279887,0.007977675,0.123352975,22.123968,0.33597413,9.394588,0.012732793,915.973491754586,0.0108814497738195,0.021983968,0.2522150459741402,-35.946262,0.0858922598841853,128.3596,0.1404311358552499,0.1276806948703675,0.34002218,542.2188314158241,5.184351,104,845.7165074869232,0.00991414,0.0634401,18.366825,18,-27.715534,567.6300728186466
pool_31406799_14-02-2022_13-22-34/assignment_0001df3acf--61f778e6f21c6124a2484fb6/ru.4bbcb7ef-e1d1-47a9-a1d7-086aa0177c1c.wav,790586,950586,0.038703393,0.1082797,0.25401193,11.287107,0.3214018,10.77627,0.12117098,2128.209005373822,0.015681379154135,0.06181226,0.24748833554129,-1.1958671,0.1644634210263578,51.7585,0.1486030184899861,0.1183702165516485,0.29046512,393.53577088309993,5.4623046,111,2346.7965885894587,0.05417229,0.06547699,12.381805,17,-15.142949,1252.6098532737406
pool_31406799_14-02-2022_13-22-34/assignment_0001df3acf--61fa3c9e6883f87caa22769b/ru.660f153b-120b-437b-80d4-de163537744b.amr,479917,639917,0.005103364,0.07195079,0.113253675,25.539536,0.3223173,10.307246,0.09428975,996.7706782428515,-0.006831238000142,0.014106828,0.2571989056517886,-14.3311615,0.0779081594448881,89.967514,0.131080342785849,0.1209602895465185,0.30103546,590.0346326241007,5.29868,72,992.865396482108,0.061166614,0.02315569,15.94198,17,-18.035746,597.2830900384429
pool_31546723_14-02-2022_13-23-16/assignment_0001e15d63--62039012d39d29343b4a60a3/ru.a08a73f1-6362-45d8-a704-a1dd03e59064.wav,1341869,1501869,0.05279245,0.015869487,0.05082574,6.20296,0.32395813,10.671616,0.017868964,2079.653758949552,-0.0081881657530275,0.08069712,0.2188196502764356,-16.138077,0.2287823856829073,92.61572,0.1882851401099718,0.1533310793948894,0.28310847,388.2494684008805,5.2559714,123,2871.706775037099,0.008213776,0.02329802,6.8802476,26,-21.225101,1558.765796435032
pool_31406799_14-02-2022_13-22-34/assignment_0001df3acf--61f6d3922c49f976680cdc3a/ru.d48a756a-6f46-4618-950b-4e28f63c4ef2.mp3,1198708,1358708,0.025547216,0.0089236265,0.11721286,19.78605,0.32020512,10.393229,0.010843604,1642.759920123445,-0.0020810601050731,0.047629517,0.2503626095900004,-28.39802,0.1414050019968051,114.86767,0.1437076791706636,0.1268769351765647,0.3026775,511.2209787624267,5.086347,108,1683.9821043520149,0.0061453893,0.03742525,18.883345,19,-25.31952,1130.282994384636
pool_31546723_14-02-2022_13-23-16/assignment_0001e15d63--61fed72bbfae83402457529b/ru.c4e438a9-fed6-4eb6-ab51-c5145a702087.wav,1370213,1530213,0.039217696,0.033764005,0.08104836,17.709044,0.32765022,10.664513,0.040701486,1619.0672791482436,0.0065361675694604,0.06898763,0.2209954235781909,-15.910448,0.1367842701677316,85.08923,0.1857265626958871,0.166863908839627,0.30254996,422.1919093526215,5.3995442,81,1804.796579855404,0.02267183,0.04382158,12.658386,13,-21.147263,1043.1036509822889
pool_31546723_14-02-2022_13-23-16/assignment_0001e15d63--62032a74a6bbd7473a6329bc/ru.13d624bb-c8ea-4fa1-9d86-a3e4666ee418.m4a,1339434,1499434,0.06523855,0.025418542,0.18105549,26.198723,0.31296447,9.7186365,0.039210334,1775.6457793432796,0.0017050887964739,0.0874429,0.2694971015237683,-26.591589,0.1540659944089457,93.73171,0.1034632572637313,0.0829940813947665,0.41346055,517.7512429206041,5.1440773,61,1970.7604514931777,0.029876761,0.042197667,16.515656,9,-20.664955,1051.3376507084058
pool_31546723_14-02-2022_13-23-16/assignment_0001e15d63--620392d9edf0bd60e43a999f/ru.b12aa0a2-fcb4-454e-b973-ca85120f149b.wav,1109092,1269092,0.030765628,0.0033019797,0.15966198,24.942205,0.32321593,10.22345,0.004570314,1781.349206432182,0.007038304627162,0.052761495,0.2652428592113581,-43.789856,0.1254477211461661,140.14346,0.1139278674017773,0.110278586953761,0.39366046,493.45225242397527,5.205542,82,1805.769234569725,0.0031592455,0.05445287,15.9149685,15,-27.910975,1142.6994964757782
pool_31406799_14-02-2022_13-22-34/assignment_0001df3acf--61f7ec3156ef241fa1f6e7a6/ru.1ab8555d-4e26-4dc1-b3ff-02bc0cb2c0df.wav,16572,176572,0.054194428,0.021683695,0.21370079,24.527248,0.33541346,10.813843,0.027245037,1855.3607571677287,0.0235360353649332,0.08810288,0.21534528129941,-25.846432,0.1815907048722044,105.68865,0.1922491694531117,0.2037359670196198,0.2743047,509.2848846159065,5.4426527,61,2201.0495881579577,0.016459836,0.06120924,14.862432,12,-25.686398,1516.970285656746
pool_31406799_14-02-2022_13-22-34/assignment_0001df3acf--61f7e96a31b218543e99b252/ru.aa18b9fe-5307-4eb8-bab9-729be24d7eba.wav,852714,1012714,0.021567458,0.04871274,0.20335285,12.16655,0.33317316,10.497065,0.06286899,1580.826921186209,0.0159493280719206,0.043087028,0.2273704761428146,-11.032093,0.122142072683706,85.90763,0.1778651171869378,0.1897497853048191,0.26974246,578.6125624413819,5.443568,91,1563.3242260849695,0.039679386,0.053405173,11.609921,13,-15.405017,1232.6328608074184
pool_31406799_14-02-2022_13-22-34/assignment_0001df3acf--61fa12e328ec07265dd6150a/ru.d8347878-ac8c-45f0-aad0-9ea00d2e82fe.aac,1026808,1186808,0.03736167,0.032331944,0.22788577,16.94811,0.32662988,10.292173,0.042223293,1552.9096690917668,0.0027471211631519,0.059522822,0.249206130174534,-17.944347,0.1290778504392971,89.291435,0.1457039396061977,0.1029821668158698,0.36258972,537.4426207387226,5.076807,99,1630.2861316571427,0.027104048,0.048603877,14.212,19,-19.505959,1136.4146062766044
pool_31546723_14-02-2022_13-23-16/assignment_0001e15d63--620392d9edf0bd60e43a999f/ru.b12aa0a2-fcb4-454e-b973-ca85120f149b.wav,831,160831,0.07073621,0.002669269,0.1236492,25.88202,0.3295071,10.158922,0.0039033934,1933.63565487441,0.003035574915073,0.1006195,0.2610017583699214,-46.965435,0.1827201477635782,146.36816,0.1233345671786399,0.1011611093333642,0.42085513,521.9411359065259,5.265338,65,2392.94637088984,0.0028437974,0.028527027,18.684717,14,-30.449642,1366.037191785963
pool_31406799_14-02-2022_13-22-34/assignment_0001df3acf--61fa7b8b9c64024630780734/ru.e911a8ae-74cf-4c7c-a283-7da9eed22656.aac,1598149,1758149,0.009028582,0.06158289,0.18742648,11.154802,0.32762966,10.638637,0.07100132,1057.4357442498792,0.0070372345923597,0.022715535,0.2283730530112356,-9.815659,0.0956500848642172,81.25547,0.1765759949473899,0.1474959680436122,0.25504372,398.4571624398581,5.4768343,138,1074.578368985747,0.035227407,0.079413705,13.112082,21,-19.015965,692.3272234362114
pool_31546723_14-02-2022_13-23-16/assignment_0001e15d63--6203c633474dd04f93390751/ru.0c671a6c-2865-44fa-a7d2-ce842114b1da.wav,1071336,1231336,0.017068073,0.00653111,0.1848373,23.771675,0.35647866,10.317318,0.008624066,1847.5298714252697,0.0210368556741151,0.04045886,0.2406655017737571,-35.422844,0.1048993485423322,133.30794,0.1594159640353469,0.1550469564394426,0.35416725,522.1526006823813,5.4091606,74,1633.580774244136,0.005653534,0.041302107,12.690419,15,-25.813406,1159.1239335771877
pool_31546723_14-02-2022_13-23-16/assignment_0001e15d63--6203a04a4037773593b113e3/ru.d3f1cce4-2c57-42bf-a657-adaf484b1ca5.wav,1771591,1931591,0.049693454,0.0034546528,0.29498604,23.081593,0.35897198,10.306376,0.0047449796,2256.6211718852505,0.0052805540190625,0.08484631,0.2448301224332312,-44.598328,0.1940816568490415,147.49182,0.1529429451876167,0.1593045563799427,0.3589406,448.96971673766507,5.2946563,64,2528.4325762114545,0.003247204,0.04567007,19.664234,14,-31.662394,1488.1730622968405
pool_31406799_14-02-2022_13-22-34/assignment_0001df3acf--61f778e6f21c6124a2484fb6/ru.4bbcb7ef-e1d1-47a9-a1d7-086aa0177c1c.wav,1414175,1574175,0.060899764,0.07643086,0.27098155,14.592434,0.32905003,10.643465,0.09088235,2216.4797967201366,0.0014173150115667,0.09720964,0.252884045782809,-8.135161,0.1673977885383386,63.667877,0.1392228168148148,0.1167241888371704,0.3402599,444.7608014423529,5.35687,111,2392.9751749114257,0.04915677,0.1092475,12.61574,15,-17.473402,1223.688567945875
pool_31546723_14-02-2022_13-23-16/assignment_0001e15d63--61ffa78b89d7190cb1d79ec5/ru.a928674d-5eb7-41c7-8fcc-526fee4610d7.wav,129301,289301,0.06582606,0.016531948,0.14219242,12.256063,0.32121393,10.469859,0.019661266,2024.369231464,0.0063481916745249,0.091354474,0.2633309021306575,-19.519005,0.2110997404153354,86.479645,0.1182800461463699,0.0984098892337714,0.32815543,510.3534395809135,5.21646,111,2450.314621813731,0.010635745,0.06487814,12.021727,19,-18.07241,1476.7338884411772
pool_31406799_14-02-2022_13-22-34/assignment_0001df3acf--61f7b5f9fcdbd802ca5d5daf/ru.3425f070-5bd8-4dba-9b5c-55fab3607874.wav,1516166,1676166,0.06769058,0.04305395,0.15655053,13.1831,0.33064133,10.450455,0.050540347,2446.24395939344,0.0068030510474248,0.10881933,0.2415215943596052,-11.269425,0.2199309230231629,69.201805,0.1581159473023756,0.1348892139068258,0.30552554,340.75417072482503,5.3418684,105,3018.0503530914884,0.026478043,0.062400132,13.071009,19,-20.88082,1273.2973704182873
pool_31546723_14-02-2022_13-23-16/assignment_0001e15d63--6203a552f66e602355113793/ru.b4968a07-1bb5-412e-90f2-43958e798a17.wav,1222439,1382439,0.040247325,0.019380208,0.12955716,20.326628,0.3312542,10.428354,0.025598966,1670.300234037353,-0.0035754122355882,0.057751823,0.2308451311642507,-27.516495,0.1121377670726837,108.650665,0.1733316438250477,0.1432443934828634,0.35242027,473.3504494047347,5.110314,80,1609.565744015326,0.016693033,0.05693965,12.874173,14,-20.476065,902.2911951236396
pool_31406799_14-02-2022_13-22-34/assignment_0001df3acf--61f7bb4808ddf310c8ae412f/ru.436abb74-3c5b-4c3b-81c3-0d926c945466.wav,540156,700156,0.08686646,0.023202822,0.080080174,22.109474,0.32917762,10.187053,0.033673458,1760.1966827828116,0.02455562005048,0.11705796,0.2332084614159383,-25.946018,0.1828948682108626,101.948204,0.170138610718861,0.1327286017262284,0.35464987,479.3130471997337,5.196064,77,2124.893557697131,0.02436814,0.028389625,13.733968,16,-22.112354,1250.3942272956456
pool_31406799_14-02-2022_13-22-34/assignment_0001df3acf--61f7c19d455b912f21e657e9/ru.145105f3-0e0b-4cb1-a9cf-7ff3d23b00a8.wav,670108,830108,0.03531515,0.02169473,0.098723575,19.966507,0.33980107,10.386305,0.027891528,2096.812431546759,0.0074808895159532,0.05609841,0.2385783536411832,-25.243206,0.1361321884984025,100.54988,0.1625229291736886,0.1249305367694287,0.35726783,358.14643236554065,5.062615,83,2174.691787305697,0.01749368,0.017956747,14.251653,14,-19.71047,1151.4431589291507
pool_31406799_14-02-2022_13-22-34/assignment_0001df3acf--61f7a7bb7a4abc66167951fb/ru.9a0795b6-ae1b-4c31-9e74-53f0d77fb2ad.wav,686412,846412,0.05726166,0.024098234,0.18571833,20.117025,0.31878784,10.120501,0.03404628,2146.828941474104,0.0123877768967347,0.07744036,0.2510130827376296,-24.403051,0.1903891273961661,99.47069,0.1425684594427717,0.1233553209399947,0.35140643,428.1576610193855,5.070647,51,2463.989923720447,0.024101986,0.030399114,14.785113,8,-19.185469,1334.7335958680478
pool_31406799_14-02-2022_13-22-34/assignment_0001df3acf--61f9faeeb0e1de55ae2bc547/ru.c9609b82-7dd5-44e0-91c5-4a1de4f0a60e.wav,669970,829970,0.06359511,0.0061717224,0.1784765,18.58914,0.3068638,9.7346,0.008358311,2033.2640769375505,0.0091583998790737,0.087922394,0.264556678239036,-32.57804,0.1924686127196485,118.47345,0.1155123254568987,0.0867105846471251,0.41305587,427.89045820636767,4.9874115,86,2231.465514856024,0.005626913,0.0336458,11.343544,18,-24.021435,1304.7026720021208
pool_31406799_14-02-2022_13-22-34/assignment_0001df3acf--61f7c163e5bac7474769c49e/ru.3576f6f5-7b43-4b59-9ac7-58170308c3f5.wav,1867551,2027551,0.088682264,0.015070967,0.060527537,27.514977,0.2797147,8.949929,0.03701552,2450.319448246953,0.0133446593080226,0.06959532,0.2715183076886657,-55.841362,0.1860959964057508,118.71764,0.0980364316120104,0.0667414921387353,0.53952056,428.1619235338074,4.6483207,20,2542.803251360694,0.034547128,0.009030097,9.978825,4,-26.168293,936.6060842169431
pool_31406799_14-02-2022_13-22-34/assignment_0001df3acf--61f799e9e6f0a56bac18ea30/ru.8564957a-f10b-4f50-88e1-e155ce657d77.wav,230833,390833,0.038664594,0.024181522,0.15821534,14.616214,0.3283871,10.410365,0.03009487,1935.4660175223728,0.0044624594798723,0.07184361,0.2520014870598637,-16.832891,0.1819729058506389,85.755,0.1408140044631593,0.1247233995132527,0.31143165,444.9868515153992,5.3267927,97,2327.563544538954,0.017874906,0.070727214,11.385504,15,-21.429794,1447.2691701716128
pool_31406799_14-02-2022_13-22-34/assignment_0001df3acf--61f7ec3156ef241fa1f6e7a6/ru.1ab8555d-4e26-4dc1-b3ff-02bc0cb2c0df.wav,192925,352925,0.05218199,0.016046327,0.23432958,26.549423,0.33644816,10.460723,0.022251727,1816.5080380174647,0.0064936053721588,0.07430339,0.2311542309433435,-33.527946,0.1721027605830671,119.16092,0.1729192148094731,0.1292695107852361,0.31514135,633.234568249468,5.1869707,81,2121.190579665546,0.015390408,0.07838381,22.848549,17,-27.694838,1504.4622940945237
pool_31546723_14-02-2022_13-23-16/assignment_0001e15d63--620242c3124339488efe6660/ru.1055644c-dd20-4167-99b5-9c9f3e84d0db.m4a,569782,729782,0.032293648,0.05383892,0.4484674,17.576506,0.32743633,10.432604,0.06703817,1575.5942952201328,0.0022516058818676,0.053264305,0.2524390256990166,-11.910085,0.1411663213857827,78.38695,0.1400281101688677,0.115146038304609,0.31841755,537.7937958042384,5.6098924,105,1776.2329847911044,0.039922375,0.121167436,15.985613,22,-17.91512,1153.5888064673427
pool_31406799_14-02-2022_13-22-34/assignment_0001df3acf--61f78a186883f87caa0cd1f1/ru.159b630e-7716-403d-abdf-3ab9657d24ab.wav,2081995,2241995,0.037052706,0.043861717,0.19172457,15.867389,0.3268953,10.157799,0.057356518,2071.433127741496,0.0089195628953719,0.061163157,0.2464463640362306,-13.238927,0.1758374101437699,76.23402,0.150324725134141,0.130256698787642,0.31963006,426.3489786070419,5.353423,87,2465.228956749168,0.03701975,0.070820846,13.059764,13,-16.395847,1307.2309617942658
pool_31546723_14-02-2022_13-23-16/assignment_0001e15d63--6202259ab2955a4d4fb76a77/ru.70c5910d-7b31-4118-bac8-86fa1b34ec44.wav,487944,647944,0.061738487,0.05141747,0.1418829,17.32029,0.3202877,10.400517,0.06511538,2212.511312136597,0.0044492941561994,0.08410673,0.2534115049830908,-11.500766,0.2227529702476038,73.01719,0.1382604154323943,0.125179697585015,0.319728,418.9418445258744,5.2444105,77,2821.463717875259,0.039912503,0.051113166,13.954701,13,-17.186863,1416.9546662933597
pool_31406799_14-02-2022_13-22-34/assignment_0001df3acf--61fa2ba3c63956136208f6fc/ru.242793e5-430c-4982-8ddc-3c02e7654d2e.wav,1853824,2013824,0.064722955,0.019920852,0.22396581,20.730438,0.33385488,10.054512,0.027140697,1989.45618332288,0.0223663379861814,0.09293821,0.2391958192362375,-24.466188,0.1895935253594249,93.25865,0.1616127884582112,0.1424567943921489,0.3126072,498.71613469797546,5.452236,101,2365.096798165337,0.018401474,0.09671427,18.176783,18,-24.975813,1380.5917558428705
pool_31406799_14-02-2022_13-22-34/assignment_0001df3acf--61f6d478e6f0a56bac157b14/ru.49f7335c-683f-4165-b3ad-50fec4e3566f.wav,1754218,1914218,0.053310297,0.0067188716,0.261282,12.51514,0.32207438,10.501092,0.00795914,2399.845443487591,0.006132868862799,0.07963481,0.2605921287898392,-27.035133,0.2525474865215655,106.579735,0.1241977284257373,0.1180601869633911,0.2919508,391.7463140753901,5.3616614,107,3132.8778961681687,0.0042553623,0.09041121,10.988985,20,-25.763037,1505.814327727659
pool_31546723_14-02-2022_13-23-16/assignment_0001e15d63--62037cadedf0bd60e43968f8/ru.aee55c3b-494c-4674-a51d-dd191cb4134b.wav,585526,745526,0.055981085,0.024248457,0.1882683,17.739294,0.3333067,10.129731,0.033467617,1921.3283975817587,0.006125147534517,0.09145251,0.2626551028721047,-18.989735,0.1693852336261981,91.69326,0.1197732452118478,0.1116505654299997,0.3634616,462.37311669985536,5.584427,76,2070.786843350413,0.023028422,0.047772713,14.606722,16,-19.264584,1271.1490589657983
pool_31546723_14-02-2022_13-23-16/assignment_0001e15d63--62023eb6ae038831c64c5ec6/ru.d289d5f6-9fcf-4963-9df0-b1dcd6151333.ogg,1374109,1534109,0.036074687,0.06973067,0.08501254,16.021053,0.322338,10.454969,0.08058129,1542.0373629750966,0.0020664779392297,0.06628066,0.2493606823129294,-10.268082,0.1484624600638977,67.79501,0.1454392775345216,0.1169576646968998,0.31664032,547.3168929347784,5.165599,117,1756.5103914738993,0.040375955,0.025298938,11.966069,25,-13.659201,1199.1874304705657
pool_31406799_14-02-2022_13-22-34/assignment_0001df3acf--61f6e4d3e30a0472b02ee738/ru.3a1733a8-7f9e-4722-b0b2-23b8d3534a17.wav,673909,833909,0.054186642,0.015499395,0.20989288,25.20041,0.34148994,10.353428,0.021624096,1986.463986208808,-0.0128086709536336,0.08210075,0.2570670969648012,-31.107845,0.1703867561900958,110.44354,0.131338650028934,0.1060810768561142,0.36932945,502.3423514054744,5.1222715,68,2202.188053949851,0.0150965545,0.06329813,13.511545,13,-22.159378,1452.3969202773942
pool_31546723_14-02-2022_13-23-16/assignment_0001e15d63--62037d6d100bd235a0d265d2/ru.a7b01b0e-c75d-40e7-a40e-216634229fbf.wav,404323,564323,0.048507452,0.022891128,0.14106576,19.081703,0.33052298,10.131345,0.032866053,1951.2539479675147,0.0060165009454733,0.061909035,0.2713041961669102,-24.20929,0.1644010208666134,96.034035,0.0986274123941209,0.086194159389018,0.40133774,421.3703918668333,5.4338546,63,2248.0979306155136,0.023552267,0.041633837,14.333234,15,-19.10277,1359.4332362565192
pool_31546723_14-02-2022_13-23-16/assignment_0001e15d63--620223b87fd4a01495311ef9/ru.4146154d-5c6f-4aab-99ad-1115bbd513ca.wav,1302508,1462508,0.016673941,0.09716612,0.18319148,27.734585,0.32369024,10.374753,0.13770543,1820.018582398053,0.0041942686893774,0.028402025,0.2653837454856034,-17.356026,0.1453377720646964,78.85136,0.1135993000214605,0.1190068667573987,0.30435354,608.9492047405384,5.544149,49,1966.24490387596,0.09751792,0.034196768,18.383287,12,-16.576963,1346.5674905758449
pool_31546723_14-02-2022_13-23-16/assignment_0001e15d63--6203803b100bd235a0d285a1/ru.dd2110d1-72da-4662-8a23-b6862737b20e.wav,1525375,1685375,0.020589696,0.0147264525,0.34648755,21.637169,0.33532107,10.261182,0.01995855,1663.0563356143027,0.0093762750125705,0.032470193,0.2361100736582931,-29.820309,0.1239625973442492,111.83917,0.1660884296102794,0.1320706554121291,0.3469479,439.46653775796966,5.365359,79,1776.5503220740436,0.013447691,0.09441923,15.135992,14,-22.82371,961.587013106008
